{
  "name": "jquery-loading",
  "version": "1.3.0",
  "description": "Easily add and manipulate loading states of any element on the page",
  "keywords": [
    "jquery",
    "overlay",
    "loading",
    "loader",
    "ajax"
  ],
  "authors": [
    "Carlos Bonetti <carlosb_bc@hotmail.com>"
  ],
  "license": "MIT",
  "homepage": "https://github.com/CarlosBonetti/jquery-loading",
  "ignore": [
    "node_modules"
  ],
  "main": [
    "dist/jquery.loading.min.css",
    "dist/jquery.loading.min.js"
  ],
  "dependencies": {
    "jquery": ">=1.7.0"
  },
  "_release": "1.3.0",
  "_resolution": {
    "type": "version",
    "tag": "v1.3.0",
    "commit": "c44205666e714ae6909df2d83112d737ee451904"
  },
  "_source": "https://github.com/CarlosBonetti/jquery-loading.git",
  "_target": "^1.3.0",
  "_originalSource": "jquery-loading",
  "_direct": true
}